Type,Eq. type,Game type,Accessory type
Electronics,Arcade,,
Electronics,Arcade,basketball acade,
Electronics,Arcade,pinball,
Electronics,Arcade,pinball,
Electronics,Arcade,skee ball,
Electronics,Arcade,video game arcade cabinet,
Electronics,Arcade,video game arcade cabinet,
Electronics,Audio,,
Electronics,Audio,audio accessories,audio and video
Electronics,Audio,audio accessories,headphone and headset
Electronics,Audio,audio accessories,headphone and headset
Electronics,Audio,audio accessories,karaoke system
Electronics,,,
